{"wave_types": [0, 0, 0], "frequencies": [1.5657142857142858, 2.0, 0.9], "amplitudes": [10.0, 50.0, 50.0], "offsets": [250.0, 150.0, 150.0], "phases": [-3.141592653589793, 0.0, 0.0]}